crop_label,fertilizer_timing,fertilizer_method,watering_guide,guidance_source_title,guidance_source_url,soil_moisture_sensor_target_pct,pct_basis_phrase_from_watering_guide,soil_moisture_sensor_note,
rice,"Basal (all P and K + part of N) applied before final harrowing. Wet season (2-split): remaining N applied 5-7 days before panicle initiation. Dry season (3-split): 1/3 of N at 5-7 days before panicle initiation, 1/6 of N at 10% flowering.","Basal fertilizer incorporated into the soil before final harrowing. Topdress fertilizer is broadcast after the field is saturated (or has a 2-3 cm water depth) and weeds are removed, to maximize uptake.",Saturate the field before each topdress application; maintain a shallow water depth (2-3 cm) if full irrigation isn't available.,DA-ATI CAR - Simple Fertilizer Computations Using Split Method of Application in Rice Production (citing PhilRice Rice Production Technoguide),https://ati2.da.gov.ph/ati-car/content/sites/default/files/2022-12/simple_fertilizer_computations_using_split_method_of_applications_in_rice_production.pdf,85-100%,"""Saturate the field... maintain a shallow water depth (2-3 cm)""",Keep saturated to shallow-flooded through most stages; AWD practitioners can let it drop to ~70% before re-flooding.,
corn,"All P and K plus half of N applied as basal at planting. Remaining half of N side-dressed 20-24 days after emergence, right before hilling-up.","Basal: complete fertilizer (14-14-14) placed in furrows and covered with ~2 cm of soil. Side-dress: ammonium sulfate or urea placed 4-5 cm from the plant base, then covered by hilling-up soil.","Ensure adequate soil moisture at planting; irrigate during dry-season planting, especially in the window from knee-high through tasseling/silking, when moisture stress hurts yield most.",Corn Production Guide: Nutrient Management (Philippine agricultural extension guide reflecting BPI/DA practice),https://www.juanmagsasaka.com/2020/12/corn-production-guide-nutrient.html,"60-70%, up to 75% at tasseling/silking","""...especially in the window from knee-high through tasseling/silking, when moisture stress hurts yield most""","Widen the trigger to ~50-55% during general vegetative growth, but hold the higher end through tasseling/silking.",
coconut,"Areas with irregular rainfall, distinct dry season, or sandy soil: split twice a year (half at the start of the rainy season, half six months before the rainy season ends). Areas with uniform rainfall: split during the 1st year, then apply once annually thereafter.","Flat areas: broadcast in the ring-weeded area (1.0-1.5 m radius around the base) and fork-in to incorporate. Hilly areas: place in 8-10 equidistant holes, 5 cm deep, around the base, then cover with soil.",Water young palms/seedlings regularly during dry months; mature palms are largely rainfall-dependent but benefit from supplemental watering during prolonged drought.,Philippine Coconut Authority (Davao Research Center) - Techno Guide on Fertilization No. 01/2019: Fertilization Guide for Coconuts,https://www.pca.gov.ph/pdf/cocoTech/fertilization/fertilizationGuideForCoconuts.pdf,55-65% (young) / 35-45% (mature),"""Water young palms/seedlings regularly... mature palms are largely rainfall-dependent""",Only irrigate mature palms if the reading stays low through a prolonged dry spell.,
banana,First year: apply every 4 months. Double the rate for succeeding years (Saba banana recommendation; other varieties follow a similar split-every-few-months pattern).,"Mix complete fertilizer (14-14-14), urea (45-0-0), and muriate of potash (0-0-60); apply at roughly 440 g per hill, worked into the soil around the base.",Plant at the start of the rainy season for adequate establishment moisture; keep soil consistently moist but well-drained - banana has a shallow root system sensitive to both drought and waterlogging.,DA Bureau of Plant Industry / DA-Cagayan de Oro - Saba Banana Production Guide,https://cagayandeoro.da.gov.ph/wp-content/uploads/2013/04/SABA-BANANA-PRODUCTION-GUIDE.pdf,65-75%,"""keep soil consistently moist but well-drained - banana has a shallow root system sensitive to both drought and waterlogging""",Avoid letting it fall much below 60% (drought) or sit saturated for long (root rot risk).,
sugarcane,Basal at planting; side-dress remaining N and K in splits during the tillering stage (30-45 days) and again at the grand growth stage (60-90 days).,"Basal fertilizer placed in the furrow before covering with soil; side-dress fertilizer placed along the row, followed by hilling-up.","Irrigate during dry months, especially at tillering and grand growth stages; reduce watering as the crop approaches maturity to favor sugar accumulation over vegetative growth.","DOST-PCAARRD Sugarcane Industry Strategic S&T Plan (industry context; specific split-timing reflects standard Philippine sugarcane agronomic practice, not a single primary document)",https://ispweb.pcaarrd.dost.gov.ph/sugarcane/,60-70% (tillering & grand growth) / 40-50% (near maturity),"""...especially at tillering and grand growth stages; reduce watering as the crop approaches maturity""",The taper before harvest is intentional - drier soil favors sugar accumulation over vegetative growth.,
pineapple,"Applied in split doses roughly every 2-3 months from planting until flower induction, based on soil/leaf analysis where available.","Granular fertilizer applied into the leaf axils (the funnel-shaped leaf base) for slow release, or as a foliar spray for faster uptake during active growth.",Water consistently during establishment; pineapple tolerates drought once established but yields best with steady moisture through vegetative growth.,DOST-PCAARRD Queen Pineapple program (fertilization based on soil analysis) and general pineapple fertigation practice,https://www.pcaarrd.dost.gov.ph/index.php/quick-information-dispatch-qid-articles/increased-queen-pineapple-production-eyed-with-propagation-protocol-and-planting-system,60-70% (establishment) / 40-50% (established),"""Water consistently during establishment; pineapple tolerates drought once established""",Don't chase a high reading once established - pineapple stores water in its leaves.,
mango,"Regular NPK fertilization at the start of the rainy season and after harvest/pruning. For flower induction (used to produce off-season fruit): trees must have mature leaves (7-8 months old); potassium nitrate is sprayed once leaves reach that maturity, with a possible second spray 10-14 days later if flowering is poor.","Soil-applied NPK broadcast under the canopy drip-line. Potassium nitrate (KNO3) for flower induction is a foliar spray, thoroughly wetting the leaves - soil-applied fertilizer cannot reach developing flowers directly.","Water young trees regularly; for induced flowering, avoid rain/irrigation for at least 6 hours after spraying, and water regularly again once fruit set begins.",Philippine Fruit Trees Production Guide; Manila Bulletin flower-induction reporting (note: potassium nitrate purchase/possession in the Philippines is regulated by the PNP Firearms and Explosives Office under RA 9516 due to its dual use in explosives),https://mb.com.ph/2023/4/26/how-to-make-mango-bloom-flowers-to-produce-off-season-fruits,"55-65% (young/fruit-set) / 40-50% (mature, between cycles)","""Water young trees regularly... water regularly again once fruit set begins""","For induced flowering: no irrigation for 6 hours after the KNO3 spray, then resume toward the higher end once fruit set starts.",
coffee,"Fertilize based on soil test results, typically in 2-3 split applications aligned with the rainy season.",Apply in a ring around the base at the drip-line; incorporate lightly with soil or mulch.,"Water young plants regularly during dry months; shaded, established plants need less frequent supplemental watering.","Coffee Farming and Production Guide (Philippine agricultural extension guide; general practice, not a single primary-agency fertilizer schedule)",https://businessdiary.com.ph/38906/coffee-farming-and-production-guide/,"55-65% (young) / 40-50% (mature, shaded)","""Water young plants regularly... shaded, established plants need less frequent supplemental watering""","Shade reduces evaporation, so mature shaded coffee can sit lower without stress.",
cacao,"Age-based schedule from field planting (per PCARRD 1989 recommendation): fertilizer amounts increase as trees mature, applied at set month intervals after field planting rather than a single flat rate.",Applied per plant in a ring around the base at the drip-line; basal fertilizer at planting is important to establish young trees.,"Water young trees regularly, especially during establishment; mature trees under shade need water mainly during prolonged dry spells.","DA-HVCDP Cacao Production Guide (fertilizer rates per PCARRD, 1989)",https://hvcdp.da.gov.ph/wp-content/uploads/2022/05/CACAO-Production-Guide.pdf,"55-65% (young) / 35-45% (mature, shaded)","""Water young trees regularly, especially during establishment; mature trees under shade need water mainly during prolonged dry spells""",Prioritize the young/establishment stage - that's where moisture matters most.,
abaca,"Recommended practice is 3 applications per year (traditional smallholder practice often applies none, which the industry roadmap identifies as a key yield gap).",Broadcast around the base of each hill and incorporate lightly into the soil.,"Needs consistent soil moisture, especially in the first year; grows best in areas with well-distributed rainfall.",Philippine Abaca Industry Roadmap 2018-2022 (DA / PhilFIDA),https://www.da.gov.ph/wp-content/uploads/2019/06/Philippine-Abaca-Industry-Roadmap-2018-2022.pdf,65-75%,"""Needs consistent soil moisture, especially in the first year""","Treat a reading below 60% as a warning sign, particularly in year one.",
cassava,National Fertilizer Recommendation (NFR): 8 bags of 14-14-14 per hectare. One-third of N and K plus all P applied as basal; remainder applied at 2.5 and 5 months after planting.,Basal fertilizer applied in the planting furrow; remaining splits placed around the base of the plant and covered lightly with soil.,Water regularly during the first 2-3 months for establishment; cassava is drought-tolerant afterward and needs minimal irrigation.,PhilRootcrops / DA - Towards Increasing Cassava Production in the Philippines through Site-Specific Nutrient Management,https://agris.fao.org/search/fr/records/6473b0c413d110e4e7a990e6,60-65% (first 2-3 months) / 30-40% (afterward),"""Water regularly during the first 2-3 months for establishment; cassava is drought-tolerant afterward and needs minimal irrigation""",After establishment you can let the reading run low - cassava is highly drought-tolerant.,
sweet_potato,Apply at planting time; amount depends on soil fertility (poor soil: 4-6 bags complete fertilizer/ha; moderately fertile: 4 bags/ha; already-fertile soil: additional fertilizer usually not advised).,"Applied 8-10 cm from the base of the plant, or broadcast in the furrows and covered with soil. Compost/organic fertilizer at ~3 tons/ha is also recommended.",Plant vine cuttings on ridges during the rainy season (to avoid waterlogging) or in furrows during the dry season (to use residual soil moisture); avoid overwatering near harvest.,Sweet Potato Production Guide (Philippine agricultural extension guide reflecting DA/BPI practice),https://businessdiary.com.ph/4609/sweet-potato-production-guide/,"50-60%, taper lower before harvest","""...to avoid waterlogging... avoid overwatering near harvest""",Deliberately reduce watering as harvest nears to prevent cracking/rot in the tubers.,
peanut,"Nitrogen minimal (legume, fixes its own); phosphorus important especially on sandy soil; potassium and calcium (lime/dolomite) applied to support grain fill, informed by soil test.",Potassium should be placed deep enough to reach the root/pegging zone; calcium source (lime/dolomite) applied per agriculturist's recommendation to ensure well-filled pods.,October planting: little irrigation needed until December. February planting: water 3-4 times. Water again once pods/grains begin to form; wet the soil to about 30 cm deep when irrigating.,Peanut Production Guide (Philippine agricultural extension guide reflecting DA/BPI practice),https://businessdiary.com.ph/8977/peanut-production-guide/,40-50% (vegetative) / 55-65% (pod/grain fill),"""October planting: little irrigation needed until December... Water again once pods/grains begin to form""",Raise toward the higher end specifically once pods/grains begin forming.,
mungbean,"Light basal fertilizer at planting; foliar fertilizer high in potassium and phosphorus sprayed at 25-30 days after planting (DAP) and again after the 1st and 2nd pod-priming, to support 3 priming cycles.",Basal fertilizer broadcast or banded at planting; foliar fertilizer sprayed directly on the plants (can be combined with compatible insecticides).,"Needs sufficient water during germination, vegetative growth, and flowering; fairly drought-tolerant otherwise, and often grown on residual soil moisture after rice.",DA-HVCDP Mungbean Production Guide,https://hvcdp.da.gov.ph/wp-content/uploads/2022/05/Mungbean-Production-Guide.pdf,"55-65% (germination, vegetative, flowering)","""Needs sufficient water during germination, vegetative growth, and flowering; fairly drought-tolerant otherwise""","Often grown on residual soil moisture after rice - treat this as a target to supplement toward, not a strict daily floor.",
eggplant,Basal at transplanting; side-dress fertilizer applied per a set schedule through the fruiting period.,"Conventional method: fertilizer applied directly to furrows/ridges via side-dressing or shallow furrows. Plastic-mulch method: fertilizer applied beside planting rows, with basal and side-dress split via drenching solutions on a set schedule.","Water requirement is about 35-40 mm/week; moderately sensitive to flooding, and especially moisture-sensitive during flowering and fruit enlargement.",Eggplant Production Guide for the Philippines (UPLB Institute of Plant Breeding / DA-BAR),https://businessdiary.com.ph/19329/eggplant-production-guide/,60-70%,"""moderately sensitive to flooding, and especially moisture-sensitive during flowering and fruit enlargement""",Avoid pushing much above 70-75% given the flooding sensitivity.,
tomato,"Basal (14-14-14) applied 3-5 days after transplanting; side-dress (urea + muriate of potash, 2:1 ratio) applied about two weeks later, placed 6-8 cm from the base.",Basal fertilizer applied per hill and mixed into soil; side-dress fertilizer banded near (not touching) the plant base to avoid root burn.,"4-5 irrigations from transplanting to about 14 days before the last harvest; irrigate just enough to moisten the root zone, since tomato is sensitive to flooding - irrigation is done weekly during fruiting and reduced to every 10 days near the last harvest.",Tomato Production Guide (UPLB Institute of Plant Breeding; DA-RFU 4A / Bureau of Agricultural Research technology package),https://agriculture.com.ph/2023/10/07/tomato-production-guide/,"55-65%, taper to 45-50% pre-harvest","""irrigate just enough to moisten the root zone, since tomato is sensitive to flooding... reduced to every 10 days near the last harvest""","Treat any reading above ~75-80% as a drainage problem, not a target.",
okra,Basal complete fertilizer (14-14-14) at planting; side-dress with urea (46-0-0) at 30 days after emergence.,Basal fertilizer applied per hill at planting; side-dress fertilizer applied near the plant base and covered with soil.,"Water regularly, especially during flowering and fruiting; okra responds well to consistent moisture but tolerates brief dry spells better than flooding.",DA-ATI Region 7 - Okra Production Guide,https://ati2.da.gov.ph/ati-7/content/sites/default/files/users/user16/OKRA%20final_2.pdf,55-65%,"""responds well to consistent moisture but tolerates brief dry spells better than flooding""","When in doubt, err toward the lower end given the flood sensitivity.",
ampalaya,"Basal complete fertilizer (14-14-14) at about 25 g/hill at planting. Side-dress with urea and muriate of potash: 10-20 g/hill once a month in dry season, or 5-10 g/hill more frequently in wet season.",Basal fertilizer applied per hill at planting; side-dress fertilizer buried near the base and covered with at least 6 cm of soil.,"Water every other 1-2 days and whenever fertilizer is applied; sensitive to waterlogging, so ensure good drainage despite frequent watering.",DA-ATI CAR - Ampalaya (Bitter Gourd) Production Guide,https://ati2.da.gov.ph/ati-car/content/sites/default/files/2022-12/ampalaya_production_guide_leaflet.pdf,60-70%,"""Water every other 1-2 days... sensitive to waterlogging, so ensure good drainage despite frequent watering""","Needs frequent light irrigation to hold this range, paired with good drainage.",
calamansi,"Young trees: 50-100 g ammonium sulfate/urea per tree monthly for the first year, every 4 months thereafter, increasing to 200-300 g/tree in year two. Bearing trees (year 4+): switch to complete fertilizer (ammophos + potash) to boost fruiting; mature trees (8-10 years): 2-3 kg fertilizer, 3 times a year (before rains, after flowering, after harvest).",Applied around the base of the tree; organic compost applied twice a year in addition to inorganic fertilizer.,Young trees (first two years) need regular watering to establish strong roots; mature trees need less frequent watering and should never be left in standing water.,Calamansi Production Guide (Philippine agricultural extension guide),https://businessdiary.com.ph/4343/calamansi-production-guide/,"55-65% (young, first 2 years) / 35-45% (mature)","""Young trees... need regular watering... mature trees need less frequent watering and should never be left in standing water""",Never let mature trees' reading indicate standing water - that's an explicit warning in the guide.,
papaya,"Start with a handful (5-10 g) of complete fertilizer (14-14-14) at planting. Apply 60 g ammonium sulfate once the plant is established, repeated every 6 weeks until 1 year old. Thereafter, 225 g ammonium sulfate every 3 months, plus 450 g superphosphate at the start of the rainy season each year.","Mixed into the soil at the bottom of the planting hole initially; later applications placed around the base of the plant, avoiding direct trunk contact.","Water consistently - papaya is sensitive to both drought and waterlogging, so moderate, steady moisture matters more than heavy occasional watering.",Papaya Production Guide (Philippine agricultural extension guide),https://businessdiary.com.ph/2620/papaya-production-guide/,55-65%,"""sensitive to both drought and waterlogging, so moderate, steady moisture matters more than heavy occasional watering""",Hold this range steadily rather than swinging high-low.,
garlic,"Fertilizer type/amount should follow local soil analysis; in the absence of one, provincial recommendations (e.g., Ilocos Norte) provide a fallback rate.",Commonly grown under mulch (typically rice straw); organic fertilizer is considered especially effective for garlic in the Philippines.,"Irrigation frequency depends on soil type: clay loam is typically irrigated about 3 times during the cropping period, sandy soil more frequently. Water should never stand in the field for more than 6 hours.",DA Regional Field Office 02 - Garlic Production Guide,https://cagayanvalley.da.gov.ph/wp-content/uploads/2018/02/garlic_production_guide_final.pdf,50-60%,"""clay loam is typically irrigated about 3 times... sandy soil more frequently. Water should never stand in the field for more than 6 hours""",Sandy soil needs more frequent irrigation to hold this same range than clay loam does.,
onion,"Basal: all phosphate (0-18-0) plus half of the ammonium sulfate (21-0-0) and muriate of potash (0-0-60). Side-dress the remaining half at 30, 45, and 60 days after transplanting.",Basal fertilizer incorporated before transplanting; side-dress fertilizer applied along rows at each interval. High nitrogen rates late in the cycle should be avoided - they shorten bulb storage life.,"Irrigate every 4-7 days depending on soil type; stop irrigation 2-3 weeks before harvest, or once 20-30% of the tops fold over - the last irrigation before that point should be light.",Onion Production Guide (Philippine agricultural extension guide reflecting DA-RFU 02 practice),https://businessdiary.com.ph/6051/onion-production-guide/,"55-65%, taper to 35-45% pre-harvest","""Irrigate every 4-7 days... stop irrigation 2-3 weeks before harvest, or once 20-30% of the tops fold over""",The pre-harvest taper is intentional - it improves bulb storage life.,
tobacco,"Basal at transplanting, with NTA-recommended soil conditioner applied per the official Virginia/Burley technoguide; timing coordinated with topping before full bloom.",Follow National Tobacco Administration (NTA)-recommended crop protection and soil conditioning practices; topping (removing the flower head) redirects growth into leaf size and quality.,Water consistently during establishment and vegetative growth; reduce as leaves approach maturity to support proper curing quality.,"National Tobacco Administration - Tobacco Production Manual, Flue-Cured (Virginia) Technoguide 2020-2021",https://www.nta.da.gov.ph/wp-content/uploads/2021/03/NTA-Technoguide-Virginia-Burley-2020-2021.pdf,60-65% (establishment/vegetative) / 40-50% (maturity),"""Water consistently during establishment and vegetative growth; reduce as leaves approach maturity""",Lowering the reading before harvest supports proper leaf curing quality.,
rubber,"Immature trees: phosphate (often rock phosphate) applied during establishment years. Mature trees (after tapping begins): phosphate and calcium-containing fertilizers applied sparingly, since calcium can reduce latex yield by promoting vessel plugging.",Applied around the base per standard smallholder practice; liming avoided unless soil is excessively acidic.,Young trees benefit from regular watering during dry spells; mature trees rely mainly on rainfall in the Philippines' humid rubber-growing regions (e.g.,Mindanao).,DA-Philippine Rubber Research Institute (PRRI) fertilization studies; Rubber Tree Production Guide,https://prri.da.gov.ph/growth-and-yield-performance-of-rubber-trees-applied-with-different-fertilizer-rates/,50-60% (young) / 35-45% (mature),"""Young trees benefit from regular watering during dry spells; mature trees rely mainly on rainfall""",Mature trees in humid regions (e.g. Mindanao) usually meet this range from rainfall alone.